,Stars,Position,Name,Class,Ht,Wt,Immediately Eligible,January Eligible,Previous School,srcbb_name
5,2,SG,Kani Acree,RS SO,78,185,,,Ball State,kani-acree
10,2,SG,Max Adelman,FR,77,205,,,Vanderbilt,max-adelman
12,2,PF,Emmanuel Adeoye,SO,81,230,,,Texas A&M–Commerce,emmanuel-adeoye
20,2,SF,"Kim Aiken, Jr.",RS JR,79,215,Yes,,Arizona,kim-aikenjr
24,2,PF,Daniel Akin,RS SR,81,225,Yes,,California Baptist,daniel-akin
25,2,PF,Mayowa Akinsanya,RS JR,79,225,Yes,,Maryland Eastern Shore,mayowa-akinsanya
33,2,PG,Dominique Alexander,SR,70,160,,,Chicago State,dominique-alexander
34,2,SG,Jonathan Alexandre,FR,78,185,,,Oral Roberts,jonathan-alexandre
44,2,PG,Logan Alters,SO,73,175,Yes,,California,logan-alters
52,2,PG,Andrew Anderson,FR,72,160,,,South Alabama,andrew-anderson
56,2,PG,Jackson Anderson,FR,74,170,,,North Dakota,jackson-anderson
64,2,PF,Adam Anhold,RS JR,80,240,,,Western Illinois,adam-anhold
68,2,C,David Appelgren,JR,85,245,Yes,,Wofford,david-appelgren
71,2,PG,Yiğit Arcan,FR,74,170,,,Saint Mary's,yigit-arcan
72,2,PG,Andrei Arion,SO,75,180,Yes,,Lehigh,andrei-arion
74,2,SG,Bryon Armstrong,FR,74,240,,,Incarnate Word,bryon-armstrong
76,2,PG,Austin Ash,RS JR,75,180,Yes,,Iowa,austin-ash
78,2,SG,Ata Atsüren,FR,75,192,,,Drexel,ata-atsuren
82,2,SG,Chuma Azinge,SO,75,183,,,Georgetown,chuma-azinge
83,2,C,Victor Baffuto,RS JR,82,230,Yes,,Mercer,victor-baffuto
90,2,SG,Myles Baker,SO,75,195,,,Eastern Illinois,myles-baker
94,2,SG,Junior Ballard,JR,75,185,Yes,,Fresno State,junior-ballard
101,2,SF,Rob Banks,SO,77,190,,,Cincinnati,rob-banks
104,2,PF,Elijah Barnes,SR,79,215,Yes,,Princeton,elijah-barnes
106,2,SG,Timothy Barnes,FR,75,180,,,Kansas City,timothy-barnes
108,2,PG,Jaylen Bartley,JR,74,173,,,Syracuse,jaylen-bartley
117,3,PF,D'Marco Baucum,RS SO,78,225,,,Delaware State,dmarco-baucum
121,3,PG,Darius Beane,JR,75,175,,,Cal State Northridge,darius-beane
126,2,PF,James Beck,RS JR,80,215,Yes,,Miami (OH),james-beck
129,2,SG,Daniel Begovich,SR,77,205,,,Stanford,daniel-begovich
134,2,SG,Myles Belyeu,JR,76,211,,,Southern Indiana,myles-belyeu
141,2,SG,James Berry III,FR,77,175,,,Merrimack,james-berryiii
154,2,SG,Quavon Blackwood,JR,72,198,,,Bethune–Cookman,quavon-blackwood
155,2,SF,Quinn Blair,JR,79,225,Yes,,William & Mary,quinn-blair
159,2,PG,Justin Bofenkamp,RS JR,72,177,,,Youngstown State,justin-bofenkamp
163,2,PG,Za-Ontay Boothman,FR,73,175,,,Houston Baptist,za-ontay-boothman
167,2,PG,Trey Boston,SO,74,165,,,Louisiana–Monroe,trey-boston
168,2,PG,Andre Bottoms,FR,72,180,,,Norfolk State,andre-bottoms
173,2,PG,Elijah Bowens,RS SO,71,170,Yes,,Morgan State,elijah-bowens
180,2,SG,Johnny Braggs,FR,75,200,,,Montana,johnny-braggs
182,2,PF,Connor Braun,RS FR,81,205,Yes,,Northeastern,connor-braun
187,2,PG,Elijah Bridgers,FR,74,172,,,Missouri State,elijah-bridgers
189,2,PF,Jerroda Briscoe,JR,80,185,,,Prairie View A&M,jerroda-briscoe
191,2,PF,Amir Britt,FR,79,210,,,Manhattan,amir-britt
193,2,SF,Isaiah Broady,FR,79,175,,,Jacksonville,isaiah-broady
194,2,SG,Alex Brodsky,RS JR,77,200,Yes,,Binghamton,alex-brodsky
198,2,PG,Austin Brown,SR,74,180,Yes,,Radford,austin-brown
202,2,SF,Johnny Brown,SO,81,180,,,Florida A&M,johnny-brown
205,2,PG,Justin Brown,JR,72,180,,,Jackson State,justin-brown
215,2,PF,Wynton Brown,FR,80,215,,,Northern Arizona,wynton-brown
225,2,SG,Jordan Burge,RS SO,75,200,,,Toledo,jordan-burge
231,2,PG,Antwuan Butler,JR,72,205,,,NJIT,antwuan-butler
234,2,SG,Rashamel Butler,SO,76,200,,,South Carolina State,rashamel-butler
237,2,PF,Jaylen Butz,SR,81,230,Yes,,Western Kentucky,jaylen-butz
239,2,PG,Jaden Byers,FR,74,165,,,Pacific,jaden-byers
241,2,PG,Hakim Byrd,FR,70,155,,,UMBC,hakim-byrd
252,2,SF,Tyree Campbell,FR,77,190,,,California Baptist,tyree-campbell
255,2,SG,Colin Carey,FR,77,190,,,Northern Arizona,colin-carey
260,2,PF,Robert Carpenter,SO,80,215,,,Mississippi Valley State,robert-carpenter
262,2,SG,"Rodney Carson, Jr.",SO,75,180,,,New Orleans,rodney-carsonjr
264,2,PG,Courtney Carter,RS JR,73,180,,,SIUE,courtney-carter
272,2,PF,Graham Cassoutt,FR,79,200,,,South Dakota,graham-cassoutt
273,2,PG,Marsei Caston,SO,75,173,,,New Mexico State,marsei-caston
275,2,SF,Samkelo Cele,JR,77,210,Yes,,Marist,samkelo-cele
288,2,PG,Caleb Christopher,SO,73,180,,,Tennessee Tech,caleb-christopher
289,2,SG,Favour Chukwukelu,SO,73,170,,,Chicago State,favour-chukwukelu
291,2,PG,Cam Clardy,FR,73,183,,,UTEP,cam-clardy
295,2,PG,Kareem Clark,JR,74,191,,,Alabama State,kareem-clark
302,2,SF,Chandler Clements,SO,79,195,,,Austin Peay,chandler-clements
303,2,PG,Kejuan Clements,SO,74,185,,,Eastern Illinois,kejuan-clements
304,2,SG,Malcolm Clements,FR,75,170,,,Eastern Michigan,malcolm-clements
307,2,PG,Spencer Cody,JR,71,185,Yes,,Xavier,spencer-cody
308,2,PG,Jimel Cofer,FR,75,182,,,Stephen F. Austin,jimel-cofer
315,2,SF,Lance Coleman II,RS SR,78,205,Yes,,Cal State Northridge,lance-colemanii
320,2,PF,Kyle Colvin,RS SO,78,210,,,Cal Poly,kyle-colvin
322,2,PF,Bailey Conrad,FR,79,220,,,Western Kentucky,bailey-conrad
324,2,PG,Chase Cook,FR,70,170,,,Robert Morris,chase-cook
335,2,PG,Virshon Cotton,RS JR,74,170,Yes,,New Mexico State,virshon-cotton
342,2,PF,Chase Courtney,FR,82,230,,,Arizona State,chase-courtney
346,2,PG,Cameron Crawford,FR,73,165,,,New Mexico State,cameron-crawford
347,2,PF,Logan Cremonesi,FR,80,220,,,UCLA,logan-cremonesi
350,2,PG,Jackson Cronin,FR,73,187,,,Nebraska,jackson-cronin
351,2,SF,Omar Croskey,SO,78,195,,,South Carolina State,omar-croskey
358,3,PG,Carlos Curtis,JR,74,205,Yes,,SIUE,carlos-curtis
360,2,PG,Deven Dahlke,FR,74,188,,,Drake,deven-dahlke
363,3,PG,Peyton Daniels,FR,74,175,,,Stephen F. Austin,peyton-daniels
365,2,PG,Ben Daugherty,SO,75,183,Yes,,Elon,ben-daugherty
368,2,PG,Brendan Davis,FR,72,160,,,UMBC,brendan-davis
390,2,PG,Mike DiGiulio,FR,72,170,,,Kent State,mike-digiulio
391,2,PF,Mohamed Diallo,JR,78,210,,,Stony Brook,mohamed-diallo
397,2,PF,David Didenko,JR,81,230,,,UT Martin,david-didenko
402,2,C,Assane Diouf,RS SO,86,250,,,Austin Peay,assane-diouf
403,2,SG,Charles Dismuke,FR,75,-,,,Jackson State,charles-dismuke
413,4,PG,Devonaire Doutrive,JR,77,185,,,Boise State,devonaire-doutrive
414,2,PG,Jeremy DowDell,FR,74,174,,,Brigham Young,jeremy-dowdell
420,2,PG,Sean Duke,FR,74,180,,,Manhattan,sean-duke
422,2,PF,Joseph Dupree II,FR,78,-,,,Jackson State,joseph-dupreeii
429,2,PG,Freddie Dybala,FR,75,190,,,California Baptist,freddie-dybala
433,3,PF,Greg Eboigbodin,RS JR,81,225,Yes,,Northeastern,greg-eboigbodin
434,2,PF,Melvyn Ebonkoli,FR,79,229,,,Missouri State,melvyn-ebonkoli
435,2,SG,Rip Economou,JR,80,190,Yes,,Seattle,rip-economou
447,2,SF,Yousef Elkugia,FR,79,210,,,Eastern Washington,yousef-elkugia
449,2,SG,Tyler Ellingson,RS FR,77,180,,,Milwaukee,tyler-ellingson
452,2,SG,Justice Ellison,FR,77,190,,,Central Connecticut State,justice-ellison
457,3,C,Victor Enoh,RS JR,79,250,Yes,,Marist,victor-enoh
465,2,SG,Alsean Evans,RS JR,78,195,Yes,,Little Rock,alsean-evans
470,2,SF,Yaradyah Evans,RS SR,78,200,Yes,,St. Francis Brooklyn,yaradyah-evans
471,2,SG,Nikita Evdokimov,FR,77,-,,,College of Charleston,nikita-evdokimov
472,2,SG,Davion Everett,FR,76,215,,,Western Carolina,davion-everett
473,2,SF,Arnór Eyþórsson,FR,79,190,,,Toledo,arnor-eythorsson
474,2,C,Elochukwu Eze,RS SO,82,240,Yes,,SIUE,elochukwu-eze
480,2,SG,Austin Fadal,JR,76,175,,,Eastern Washington,austin-fadal
483,2,C,Amadou Fall,RS SO,82,225,,,Arkansas–Pine Bluff,amadou-fall
486,2,PF,Isaac Farah,FR,79,208,,,ETSU,isaac-farah
487,2,PF,Elijah Farr,RS SO,80,240,,,Murray State,elijah-farr
492,2,PG,Quincy Ferebee,SR,73,175,,,Portland,quincy-ferebee
501,2,SG,Luke Fizulich,FR,74,185,,,Albany,luke-fizulich
505,2,SG,J.J. Flores,JR,75,180,,,Western Illinois,jj-flores
518,3,SG,Tyler Foster,JR,77,190,,,Mississippi Valley State,tyler-foster
521,2,PG,Dominik Fragala,RS JR,72,170,Yes,,Delaware State,dominik-fragala
528,3,C,Mikey Frazier,RS SO,82,250,,,Utah Tech,mikey-frazier
530,3.5,PG,Spencer Freedman,JR,72,170,Yes,,Harvard,spencer-freedman
532,2,SF,Chris Freeman,RS SR,78,190,Yes,,Jackson State,chris-freeman
544,2,PF,Jake Furgerson,RS SO,79,210,Yes,,Weber State,jake-furgerson
557,2,SG,Matt Garry,JR,77,190,Yes,,Connecticut,matt-garry
560,2,PG,Rakeim Gary,SO,70,165,,,South Carolina State,rakeim-gary
563,2,SG,Mareng Gatkuoth,SO,78,180,,,Montana State,mareng-gatkuoth
565,2,PG,Artemios Gavalas,FR,72,180,,,St. John's,artemios-gavalas
568,2,SG,Jonah Geron,RS SO,78,195,,,Washington,jonah-geron
569,2,SG,C.J. Gettelfinger,SO,76,185,,,Tennessee Tech,cj-gettelfinger
577,2,PG,Kezza Giffa,FR,74,160,,,UTEP,kezza-giffa
579,2,PG,Brock Gilbert,JR,70,170,,,Utah Tech,brock-gilbert
583,2,C,Sasha Glushkov,FR,83,205,,,Appalachian State,sasha-glushkov
593,2,SG,Jeff Grace,FR,75,195,,,Arizona State,jeff-grace
599,2,SG,Sylwester Granda,FR,76,190,,,Seton Hall,sylwester-granda
606,2,PF,Matt Gray,RS SO,80,230,Yes,,UC San Diego,matt-gray
607,2,PG,Michael Gray,FR,74,-,,,George Mason,michael-gray
608,2,PF,Lazar Grbović,FR,80,230,,,Arkansas State,lazar-grbovic
609,2,PG,Richie Greaves,FR,73,178,,,UMass Lowell,richie-greaves
612,2,PG,Mike Green,SO,73,188,Yes,,South Carolina,mike-green
614,3,PF,Tristan Green,JR,81,220,Yes,,Denver,tristan-green
622,2,SG,Mason Grigg,FR,73,190,,,Coastal Carolina,mason-grigg
625,2,SG,Christian Guess,RS SO,79,195,,,Prairie View A&M,christian-guess
629,2,SG,Collen Gurley,JR,74,210,,,Youngstown State,collen-gurley
634,2,PG,Jordan Hairston,SO,72,160,,,UNC Asheville,jordan-hairston
638,2,PG,Brad Halvorsen,RS FR,73,161,,,Western Carolina,brad-halvorsen
639,2,SG,Grayson Haman,FR,75,190,,,North Dakota State,grayson-haman
642,2,PG,Kaison Hammonds,JR,76,170,,,San José State,kaison-hammonds
648,2,PG,Nate Hansen,FR,75,178,,,Brigham Young,nate-hansen
651,3.3,PG,Elijah Hardy,JR,74,170,,,Cal State Northridge,elijah-hardy
655,4,PG,Zion Harmon,FR,71,170,,,Western Kentucky,zion-harmon
657,2,SG,Brendan Harrick,RS SO,77,190,Yes,,Cal State Northridge,brendan-harrick
660,3.3,PG,Blake Harris,RS JR,75,190,,,North Carolina A&T,blake-harris
661,2,SG,Gary Harris,SO,78,200,,,Loyola Marymount,gary-harris
663,2,PG,Quest Harris,FR,71,185,,,Sacred Heart,quest-harris
665,2,PG,Ahmad Harrison,FR,73,190,,,Fordham,ahmad-harrison
675,2,PF,Mehkel Harvey,JR,81,225,Yes,,William & Mary,mehkel-harvey
677,2,SG,Mark Hatch,RS SO,72,180,Yes,,Utah Tech,mark-hatch
681,3.5,C,Raymond Hawkins III,SO,81,240,,,Long Beach State,raymond-hawkinsiii
684,2,PG,Noah Haynesworth,JR,74,-,Yes,,UC Davis,noah-haynesworth
691,2,PG,Javen Hedgeman,SR,76,190,,,Prairie View A&M,javen-hedgeman
695,2,PG,Semaj Henderson,FR,74,180,,,Jacksonville State,semaj-henderson
697,4,SG,Vante Hendrix,RS JR,77,195,,,Cal State Northridge,vante-hendrix
699,2,PF,Blake Henry,RS JR,80,225,Yes,,Colgate,blake-henry
704,2,SG,Kyle Hicks,HS SR,76,180,,,Tarleton State,kyle-hicks
706,2,PG,Deshaun Highler,RS JR,74,180,,,Sacramento State,deshaun-highler
711,2,SG,Tahjae Hill,FR,74,180,,,Niagara,tahjae-hill
714,3,SG,Ramean Hinton,FR,77,180,,,Western Illinois,ramean-hinton
717,2,PG,Hákon Hjálmarsson,SO,75,175,,,Binghamton,hakon-hjalmarsson
718,2,PG,DyShawn Hobson,SR,74,180,Yes,,Oregon State,dyshawn-hobson
726,2,PG,Eden Holt,SO,70,175,,,Milwaukee,eden-holt
728,2,SG,Kiimani Holt,FR,76,220,,,Portland State,kiimani-holt
729,2,PG,Drew Honas,JR,71,150,,,Kansas State,drew-honas
732,2,PF,P.J. Horne,SR,78,230,Yes,,Georgia,pj-horne
737,2,C,Lee'Andre Howard,FR,85,250,,,Mississippi Valley State,leeandre-howard
738,2,PF,McKay Howell,SO,79,190,,,Southeastern Louisiana,mckay-howell
741,2,SF,Darrius Hughes,SO,79,230,,,Omaha,darrius-hughes
742,2,SG,Jock Hughes,RS SO,76,177,Yes,,Prairie View A&M,jock-hughes
743,2,PG,John-Michael Hughes,RS SO,73,181,Yes,,High Point,john-michael-hughes
745,2,SG,DáJion Humphrey,FR,76,185,,,Holy Cross,dajion-humphrey
747,2,PG,Caleb Hunter,SO,71,175,,,Mississippi Valley State,caleb-hunter
755,2,PG,Trey Hurlburt,RS JR,71,175,Yes,,UNLV,trey-hurlburt
759,3,PG,Noah Hutchins,FR,73,195,,,Rice,noah-hutchins
760,2,PG,Brett Hutchison,FR,69,165,,,Binghamton,brett-hutchison
770,2,SG,Donovan Ivory,SO,78,190,,,Green Bay,donovan-ivory
774,2,PG,Artan Jabbar,SO,72,180,,,UTSA,artan-jabbar
775,2,PG,Antoine Jacks,FR,70,165,,,Fairleigh Dickinson,antoine-jacks
777,2,PG,D.J. Jackson,FR,73,165,,,Alabama State,dj-jackson
778,3,SG,Delveion Jackson,RS SO,79,220,,,Canisius,delveion-jackson
779,2,SF,Jaylen Jackson,FR,78,190,,,North Carolina A&T,jaylen-jackson
781,2,SG,Wade Jackson,FR,75,183,,,Loyola (MD),wade-jackson
783,2,SG,Jack Jamele,FR,78,174,,,Utah,jack-jamele
785,2,SF,Jehloni James,SO,78,192,,,Georgia Tech,jehloni-james
786,2,SG,Miles James,JR,78,210,,,Cal State Northridge,miles-james
801,2,SG,D.J. Johnson,SO,75,165,,,Southern,dj-johnson
802,2,PG,Dakari Johnson,SO,72,180,,,Campbell,dakari-johnson
803,2,SF,DeVale Johnson,RS JR,79,185,,,Kent State,devale-johnson
810,2,SG,Jayden Johnson,FR,78,210,,,Illinois State,jayden-johnson
811,2,PG,Jordan Johnson,SO,73,170,,,Denver,jordan-johnson
812,2,PG,Jordan Johnson,SO,71,185,,,Queens (NC),jordan-johnson
814,4,SF,Keyontae Johnson,JR,77,231,Yes,,Florida,keyontae-johnson
822,2.7,PG,"Tony Johnson, Jr.",SO,75,185,,,UCF,tony-johnsonjr
825,2,PG,Cameron Jones,FR,73,170,,,St. Francis Brooklyn,cameron-jones
826,2,PG,Cole Jones,FR,71,190,,,Lindenwood,cole-jones
829,2,SF,Jordan Jones,SO,77,195,,,Cornell,jordan-jones
836,2,PF,Darryl Jordan,JR,79,215,,,Jackson State,darryl-jordan
844,2,C,Samba Kane,JR,84,220,,,Milwaukee,samba-kane
845,2,C,Isaac Kante,RS JR,80,240,Yes,,LIU,isaac-kante
850,2,PG,Martin Kawa,FR,75,185,,,UNC Asheville,martin-kawa
851,2,C,Samuel Keita,SO,82,216,,,North Carolina Central,samuel-keita
856,2,PG,Brenden Kelly,FR,69,165,,,East Carolina,brenden-kelly
868,3.3,C,Zach Kent,RS JR,82,230,,,Delaware State,zach-kent
870,2,SG,Carius Key,SO,74,220,,,Texas A&M–Commerce,carius-key
874,2,SG,Cameron Kimble,FR,77,180,,,Western Michigan,cameron-kimble
877,2,PF,Elias King,SO,81,218,Yes,,Quinnipiac,elias-king
879,2,PF,Jon King,SO,77,195,,,Kent State,jon-king
887,2,SG,Dimitrios Klonaras,SO,78,215,Yes,,California,dimitrios-klonaras
896,2,C,Nicholas Kratholm,RS SR,81,220,Yes,,Niagara,nicholas-kratholm
900,2,SG,Brandon Kulakowski,FR,75,180,,,Canisius,brandon-kulakowski
904,2,PG,Ga'Khari LaCount,FR,73,175,,,Longwood,gakhari-lacount
908,2,PF,Lado Laku,FR,82,215,,,Cal State Fullerton,lado-laku
913,2,SG,Chase Lane,SO,76,-,,,Tarleton State,chase-lane
917,2,PG,Leo Lara,RS JR,75,185,Yes,,Texas A&M–Commerce,leo-lara
919,2,C,Marcus Larsson,SO,83,230,,,UIC,marcus-larsson
922,2,C,Abba Lawal,FR,84,210,,,Alabama A&M,abba-lawal
926,2,PG,Ambaka Le Gregam,FR,76,180,,,Presbyterian,ambaka-le-gregam
931,2,SG,James Lee,SO,75,180,,,NJIT,james-lee
935,2,SG,Jakevan Leftridge,SO,79,180,,,Troy,jakevan-leftridge
939,2,PF,Chris Lester,RS SR,79,230,Yes,,New Hampshire,chris-lester
943,2,PG,Steven Levnaic,RS SO,74,180,Yes,,Niagara,steven-levnaic
944,2,SG,Andrew Lewis,SR,75,180,Yes,,Chicago State,andrew-lewis
949,2,SF,Terence Lewis II,JR,78,210,Yes,,Jackson State,terence-lewisii
950,4.3,PF,Gerald Liddell,JR,80,203,,,Alabama State,gerald-liddell
951,2,SG,Zach Light,JR,75,195,Yes,,Colgate,zach-light
963,2,SG,Dom London,JR,73,170,,,Maryland Eastern Shore,dom-london
967,2,PG,Angel Lopez,SO,71,170,,,St. Francis Brooklyn,angel-lopez
968,3,SG,"Oscar Lopez, Jr.",SO,76,200,,,Central Michigan,oscar-lopezjr
970,4,C,Christian Lorng,JR,81,260,Yes,,American,christian-lorng
971,2,SG,David Loville,RS SR,75,180,,,Grambling State,david-loville
975,2,SF,Jonathan Lucas,FR,80,200,,,McNeese,jonathan-lucas
979,2,SG,Ethan Lynch,FR,74,210,,,Campbell,ethan-lynch
982,2,SG,Julian Mackey,FR,75,165,,,Niagara,julian-mackey
985,2,SF,Joey Madimba,FR,77,210,,,Tarleton State,joey-madimba
991,2,PF,Tutu Majok,SO,81,230,,,Green Bay,tutu-majok
998,2,SF,Edward Manuel,SO,78,190,,,Northern Illinois,edward-manuel
1001,3,SG,Carlo Marble,RS SR,77,200,Yes,,Chicago State,carlo-marble
1006,2,SF,Brandon Martin,JR,77,232,Yes,,South Carolina,brandon-martin
1012,2,SG,Aleksa Matić,JR,76,210,,,North Alabama,aleksa-matic
1021,2,SF,Ryan McAdoo,RS JR,77,210,Yes,,North Carolina,ryan-mcadoo
1034,2,PG,Miles McDougal,RS JR,70,185,Yes,,Prairie View A&M,miles-mcdougal
1042,2,SG,Jaelen McGlone,FR,76,205,,,Rider,jaelen-mcglone
1043,2,C,Gavin McGrath,FR,82,205,,,North Dakota,gavin-mcgrath
1054,2,PG,Tyce McNair,FR,73,-,,,James Madison,tyce-mcnair
1056,2,SG,Camron McNeil,SO,77,185,,,Radford,camron-mcneil
1061,2,C,Angus McWilliam,RS JR,82,240,Yes,,UC Riverside,angus-mcwilliam
1063,2,PG,eon 'Jahvy' Medearis,FR,74,160,,,Cal State Bakersfield,eon-jahvy-medearis
1066,2,PG,Peyton Mele,FR,74,175,,,Oakland,peyton-mele
1067,2,SG,Sebastian Mendoza,FR,75,195,,,San José State,sebastian-mendoza
1068,2,PG,Charles Mendys,RS JR,72,183,Yes,,Elon,charles-mendys
1069,2,SG,Mike Mensah,RS JR,77,205,Yes,,Maryland Eastern Shore,mike-mensah
1071,2,SG,Noah Meren,RS JR,77,200,Yes,,Brown,noah-meren
1072,2.5,C,Corbin Merritt,RS JR,80,240,Yes,,Austin Peay,corbin-merritt
1073,2,PG,Sam Mervis,FR,71,172,,,Indiana State,sam-mervis
1078,2,SG,Ashton Miller,SO,77,205,,,Wagner,ashton-miller
1081,2,SG,Isaac Miller,FR,75,180,,,Eastern Illinois,isaac-miller
1084,2,SF,Tony Miller,RS SR,78,210,Yes,,Washington State,tony-miller
1085,2,SG,"Amondo Miller, Jr.",FR,78,181,,,Colorado,amondo-millerjr
1086,2,PG,Jalen Milner,SO,73,190,,,Coastal Carolina,jalen-milner
1087,2,SG,Nikola Milošević,FR,77,195,,,Portland,nikola-milosevic
1088,2,PG,Isaiah Minter,RS SO,71,175,Yes,,Eastern Kentucky,isaiah-minter
1091,2,PG,ohn 'D.J.' Mitchell,JR,72,160,Yes,,Hartford,ohn-dj-mitchell
1093,2,PG,Kolton Mitchell,SO,75,185,Yes,,Massachusetts,kolton-mitchell
1102,2,SG,Matthew Mondesir,RS JR,77,210,Yes,,Bethune–Cookman,matthew-mondesir
1104,2,SG,Madison Monroe,SO,75,193,,,Western Carolina,madison-monroe
1106,2,SG,Jules Moor,RS SO,78,200,,,Stephen F. Austin,jules-moor
1107,2,SG,Chance Moore,RS SO,81,200,,,Jackson State,chance-moore
1113,2,SF,Jamir Moore,RS SO,77,200,Yes,,Charleston Southern,jamir-moore
1122,3,PG,Marco Morency,RS JR,75,185,,,Alcorn State,marco-morency
1123,2,C,Jorge Moreno,FR,82,250,,,New Mexico State,jorge-moreno
1124,2,PG,Elijah Morgan,SO,73,169,Yes,,Notre Dame,elijah-morgan
1128,2,SG,Javian Mosley,FR,76,164,,,Mercer,javian-mosley
1129,4,PG,T.J. Moss,RS SO,76,180,,,McNeese,tj-moss
1133,2,PF,Malik Muhammad,JR,81,230,,,Southern Utah,malik-muhammad
1138,2,SF,Aaron Murphy,RS FR,78,225,,,UC Davis,aaron-murphy
1140,2,PF,Jason Murphy,RS FR,80,240,,,NJIT,jason-murphy
1146,2,SF,Jahmel Myers,JR,78,215,Yes,,New Orleans,jahmel-myers
1147,2,PG,Ryan Myers,FR,73,185,,,Iona,ryan-myers
1148,2,PF,Montavious Myrick,FR,80,215,,,Northern Illinois,montavious-myrick
1149,2,PG,Jacob Månsson,FR,79,175,,,NJIT,jacob-mansson
1157,2,PF,Jonathan Ned,JR,80,215,,,Georgia,jonathan-ned
1162,2,PF,Quamain Nelson,SR,79,210,Yes,,South Carolina State,quamain-nelson
1163,2,PG,ky 'Doc' Nelson,RS JR,73,170,Yes,,Texas–Rio Grande Valley,ky-doc-nelson
1166,2,PG,Zach Newkirk,JR,73,185,Yes,,Central Connecticut State,zach-newkirk
1167,2,PG,Emmanuel Newsome,SO,72,175,,,Oakland,emmanuel-newsome
1171,2,SF,Tshiefu Ngalakulondi,RS JR,79,215,Yes,,Fairfield,tshiefu-ngalakulondi
1172,2,PF,Madiaw Niang,JR,81,230,Yes,,Florida Atlantic,madiaw-niang
1174,2,SG,James Nichols,FR,77,210,,,Stetson,james-nichols
1176,2,SG,Devin Nicholson,JR,74,180,Yes,,LIU,devin-nicholson
1177,2,PF,Corey Nickerson,SO,79,191,,,Lamar,corey-nickerson
1178,2,SG,Cameron Niles,FR,77,195,,,UC Davis,cameron-niles
1179,2,SG,Jayden Nixon,JR,75,200,Yes,,Virginia,jayden-nixon
1189,2,PF,David Nzekwesi,JR,81,250,,,Weber State,david-nzekwesi
1193,2,PF,Prosper Obidiebube,SO,79,210,,,Longwood,prosper-obidiebube
1194,2,PF,Casmir Ochiaka,JR,80,235,Yes,,Loyola (MD),casmir-ochiaka
1204,2,PF,R.J. Ogom,FR,78,230,,,Purdue Fort Wayne,rj-ogom
1206,2,C,Victor Ohia Obioha,JR,81,220,Yes,,Pepperdine,victor-ohia-obioha
1210,2,PF,Chinedu Kingsley Okanu,JR,79,225,Yes,,Northern Illinois,chinedu-kingsley-okanu
1213,2,PF,Gabe Oliveira,RS JR,79,235,,,Pacific,gabe-oliveira
1216,4,SG,A.J. Oliver II,RS JR,77,200,Yes,,Old Dominion,aj-oliverii
1218,2,PF,Jarvis Omersa,JR,78,235,,,St. Thomas,jarvis-omersa
1224,2,PG,Tomer Oron,FR,75,170,,,Holy Cross,tomer-oron
1230,2,SG,Irekefe Oweh,FR,74,188,,,Penn State,irekefe-oweh
1239,2,SG,Jay Pal,SO,81,190,,,Jacksonville State,jay-pal
1240,2,SG,Nick Pappas,FR,75,180,,,Milwaukee,nick-pappas
1243,2,PF,Mike Parker,RS SO,78,210,Yes,,Butler,mike-parker
1246,2,SG,Daniel Parrish,RS SO,75,180,,,Florida International,daniel-parrish
1254,2,SG,Paxton Payne,FR,74,185,,,Kansas City,paxton-payne
1255,2,SF,Zan Payne,RS SO,76,215,Yes,,Kentucky,zan-payne
1256,2,SF,Chris Payton,SO,79,220,,,Pittsburgh,chris-payton
1261,3,PG,Dominiq Penn,FR,74,170,,,Washington,dominiq-penn
1271,2,SF,Robby Phillips,FR,77,200,,,Fairleigh Dickinson,robby-phillips
1273,2,SG,Jace Piatkowski,RS FR,75,177,,,Nebraska,jace-piatkowski
1276,2,PG,Jamail Pink,SO,73,160,,,Detroit Mercy,jamail-pink
1280,2,SF,Collin Plummer,FR,77,175,,,Houston Baptist,collin-plummer
1283,2,SG,Tyler Poindexter,SO,77,205,,,Prairie View A&M,tyler-poindexter
1287,2,SG,Jordan Polynice,JR,78,175,,,Chicago State,jordan-polynice
1288,3,C,Isaiah Poor Bear Chandler,JR,79,250,,,Omaha,isaiah-poor-bear-chandler
1289,2,SG,Jeremiah Pope,RS JR,76,180,Yes,,Rider,jeremiah-pope
1292,2,PG,Shakur Poteat,FR,73,175,,,Bethune–Cookman,shakur-poteat
1294,2,SG,Jordan Potts,JR,75,180,Yes,,Northwestern State,jordan-potts
1298,2,SG,Justin Pratt,RS SO,75,195,Yes,,UC San Diego,justin-pratt
1300,2,SG,Asanti Price,SO,77,170,,,North Carolina Central,asanti-price
1302,2,SG,Sean Price,RS JR,76,210,Yes,,Charleston Southern,sean-price
1310,2,SG,Jaka Převodník,FR,77,195,,,Hawaii,jaka-prevodnik
1313,2,PG,Jaden Quinerly,FR,72,155,,,Alabama,jaden-quinerly
1315,2,SG,Gabe Quinnett,SO,76,200,,,Idaho,gabe-quinnett
1317,2,PF,Jacob Radaker,FR,81,222,,,Chattanooga,jacob-radaker
1323,2,PF,Yahuza Rasas,JR,79,200,Yes,,Texas Southern,yahuza-rasas
1329,2,SG,Donovan Ray,SR,76,175,,,Texas A&M–Corpus Christi,donovan-ray
1336,2,PG,Will Reeves,SO,75,195,Yes,,Arizona,will-reeves
1337,2,SG,Jordan Reeves-Young,RS FR,75,170,,,Eastern Kentucky,jordan-reeves-young
1344,2,SG,R.J. Rhoden,RS FR,75,195,,,Long Beach State,rj-rhoden
1345,3,PF,Ed'Xavior Rhodes,FR,81,210,,,UCF,edxavior-rhodes
1351,2,PG,Avery Richardson,FR,69,160,,,Delaware State,avery-richardson
1356,2,SG,Alex Rivera,RS SO,73,185,Yes,,LIU,alex-rivera
1357,2,SG,Jincho Rivera,FR,77,195,,,Chicago State,jincho-rivera
1360,3.7,PG,C.J. Roberts,RS JR,73,190,Yes,,Lamar,cj-roberts
1362,2,SG,D’Rell Roberts,RS JR,79,190,,,Prairie View A&M,d'rell-roberts
1363,2,PF,Spencer Roberts,JR,81,245,,,Northern Arizona,spencer-roberts
1367,2,PG,Davante Robinson,SO,72,190,,,Stetson,davante-robinson
1370,2,SG,Nathan Robinson,JR,76,185,Yes,,Seattle,nathan-robinson
1374,2,PG,Phil Robles II,FR,68,160,,,Purdue Fort Wayne,phil-roblesii
1378,2,PG,Sam’i Roe,JR,73,180,Yes,,Omaha,sam'i-roe
1381,3,SG,Victor Rosa,FR,77,188,,,Florida Gulf Coast,victor-rosa
1383,2,PF,Jalen Rosemond,JR,80,220,Yes,,St. John's,jalen-rosemond
1385,2,PG,Amar Ross,RS JR,67,150,Yes,,USC,amar-ross
1386,2,PF,Kyle Ross,FR,78,215,,,Milwaukee,kyle-ross
1388,2,PG,Casson Rouse,RS SO,74,180,,,Eastern Washington,casson-rouse
1390,2,PF,Niko Ročak,FR,81,220,,,UC Santa Barbara,niko-rocak
1394,2,SG,Justin Rumph,RS JR,77,215,Yes,,Mississippi State,justin-rumph
1404,2,SF,Lucas Saleh,SO,78,206,,,Buffalo,lucas-saleh
1405,2,SG,Khadim Samb,RS SO,79,200,,,UNCW,khadim-samb
1407,2,PG,Julian Samuels,FR,73,160,,,Illinois State,julian-samuels
1409,2,PF,"Kurt Samuels, Jr.",FR,77,230,,,William & Mary,kurt-samuelsjr
1410,2,PG,Jeremy Sanchez,SO,72,170,,,Cleveland State,jeremy-sanchez
1412,2,PG,Lamont Sanders,RS SO,72,165,,,Maryland Eastern Shore,lamont-sanders
1421,2,PG,Micah Schnyders,FR,76,185,,,Eastern Illinois,micah-schnyders
1423,2.5,SG,Eddie Scott,RS SR,78,210,Yes,,Long Beach State,eddie-scott
1437,2,SG,B.J. Shaw,RS SO,78,195,Yes,,UC Davis,bj-shaw
1438,2,SG,Jeramy Shaw,SO,78,205,,,Detroit Mercy,jeramy-shaw
1439,2,PG,Sam Shelton,SO,73,160,,,George Mason,sam-shelton
1446,2,C,Matheus Silveira,RS SO,84,255,,,Portland,matheus-silveira
1447,2,PG,Marty Silvera,FR,72,190,,,Saint Peter's,marty-silvera
1450,2.3,SG,Caleb Simmons,RS JR,78,205,Yes,,San José State,caleb-simmons
1451,3,SG,Casey Simmons,FR,79,170,,,Northwestern,casey-simmons
1467,2,SG,Angel Smith,SO,77,195,,,Samford,angel-smith
1468,2,SG,Chayce Smith,JR,75,185,Yes,,Pittsburgh,chayce-smith
1469,2,PF,Christopher Smith,FR,80,230,,,Delaware State,christopher-smith
1470,2,PG,Cooper Smith,SO,74,-,,,Northwestern State,cooper-smith
1473,2,SG,Jahvon Smith,FR,76,200,,,Florida A&M,jahvon-smith
1478,2,SF,Lincoln Smith,JR,77,198,,,Lamar,lincoln-smith
1481,2,SG,Stevie Smith,SO,78,200,,,Abilene Christian,stevie-smith
1482,2,SG,TK Smith,RS JR,77,185,Yes,,Troy,tk-smith
1484,2,PG,Tre'Shon Smoots,RS SO,73,190,Yes,,Northern Colorado,treshon-smoots
1485,4,C,Chris Sodom,RS JR,87,230,,,Delaware State,chris-sodom
1495,2,SF,Landis Spivey,JR,77,170,Yes,,Cal State Fullerton,landis-spivey
1501,2,SG,John Stansbury,RS JR,75,195,Yes,,Delaware State,john-stansbury
1502,2,PG,Artese Stapleton,SO,74,165,,,Radford,artese-stapleton
1504,2,PG,Chauncey Sterling,SO,72,180,,,NJIT,chauncey-sterling
1510,2,PG,Samir Stewart,JR,72,180,Yes,,Manhattan,samir-stewart
1513,2,SG,Kshun Stokes,SO,74,190,,,Arkansas–Pine Bluff,kshun-stokes
1522,2,PF,Jason Strong,RS JR,80,210,Yes,,Northeastern,jason-strong
1529,2,SF,Anthony Swift,FR,78,-,,,Southern Utah,anthony-swift
1535,2,SG,Pablo Tamba,FR,78,200,,,Idaho State,pablo-tamba
1541,2,PG,Lunden Taylor,RS SO,75,180,Yes,,UC San Diego,lunden-taylor
1543,2,SG,Zachary Taylor,FR,74,185,,,Brown,zachary-taylor
1548,2,PF,Jacob Teer,FR,79,225,,,Incarnate Word,jacob-teer
1550,2,SG,John Tenerowicz,JR,73,185,Yes,,Ohio,john-tenerowicz
1554,2,SF,Norbert Thelissen,FR,79,218,,,Utah State,norbert-thelissen
1558,2,C,DeShawn Thomas,RS JR,82,250,Yes,,Coastal Carolina,deshawn-thomas
1568,2,SF,Chase Thompson,FR,79,230,,,Southeast Missouri State,chase-thompson
1571,2,PG,Kyle Thompson,RS SO,70,200,Yes,,La Salle,kyle-thompson
1574,2,SF,Kirshon Thrash,FR,75,215,,,Presbyterian,kirshon-thrash
1577,3.3,SF,Donnie Tillman,SR,79,225,Yes,,New Mexico State,donnie-tillman
1581,3,SG,Taryn Todd,RS FR,77,180,,,New Mexico,taryn-todd
1584,2,SG,Sékou Touré,JR,77,195,Yes,,UC Santa Barbara,sekou-toure
1586,2,PG,Tanguy Touzé,FR,75,180,,,Jacksonville State,tanguy-touze
1588,2,SG,Malcolm Townsel,JR,77,205,Yes,,Holy Cross,malcolm-townsel
1598,2,PG,Christian Tucker,FR,75,170,,,UTSA,christian-tucker
1600,2,SG,Jovan Tucker,FR,75,175,,,Mercer,jovan-tucker
1601,2,PF,Isaiah Turner,SO,81,240,,,Middle Tennessee,isaiah-turner
1602,2,PG,Keaton Turner,FR,73,165,,,Wofford,keaton-turner
1607,2,PF,Elijah Uche,FR,79,215,,,Cal State Northridge,elijah-uche
1610,2,SG,Thai're Vance,SO,74,188,,,Morgan State,thaire-vance
1626,2,PG,Abdallah Wague,RS SO,73,-,,,St. Francis Brooklyn,abdallah-wague
1630,2,SG,David Walker,JR,76,215,,,Cal State Bakersfield,david-walker
1633,2,PF,Joshua Walker,FR,79,200,,,Radford,joshua-walker
1637,2,PF,Joe Wall,RS SO,79,215,Yes,,Seattle,joe-wall
1638,2,SG,Shaquille Walters,RS JR,78,200,Yes,,Northeastern,shaquille-walters
1640,3,PF,Michael Wang,JR,82,230,Yes,,Penn,michael-wang
1643,2,PG,De'Angelo Ware,RS SO,72,175,,,Prairie View A&M,deangelo-ware
1644,2,SG,Geronimo Warner,RS FR,74,185,,,Jackson State,geronimo-warner
1646,2,PG,JonDarius Warren,RS SO,72,190,Yes,,Southeastern Louisiana,jondarius-warren
1647,2,PF,Brian Washington,SO,78,235,,,Cal State Bakersfield,brian-washington
1654,2,PF,Wyatt Watson,RS SO,81,210,Yes,,Portland,wyatt-watson
1660,2,PG,R.J. Weise,FR,72,185,,,Rider,rj-weise
1662,2,SF,Kelvin Wesley,RS SO,76,190,,,Jackson State,kelvin-wesley
1668,2,SG,Jack Wetzel,FR,76,170,,,Montana,jack-wetzel
1669,2,PG,Brian White,JR,66,160,,,Northwestern State,brian-white
1672,2,PG,Myja White,RS SO,73,185,,,Miami (OH),myja-white
1675,2,PG,Michael Whitmore,FR,70,160,,,Auburn,michael-whitmore
1677,2,PG,Skylar Wicks,FR,77,186,,,Missouri State,skylar-wicks
1680,2,PG,A.J. Williams,FR,72,180,,,UNCG,aj-williams
1687,2,SG,Elijah Williams,FR,77,195,,,Illinois State,elijah-williams
1688,2,PG,Faite Williams,JR,74,175,,,Prairie View A&M,faite-williams
1690,2,SG,Jaron Williams,JR,78,210,,,Robert Morris,jaron-williams
1695,2,PG,Levar Williams,SO,73,190,,,New Mexico State,levar-williams
1698,2,PG,Norris Williams,FR,74,165,,,New Orleans,norris-williams
1700,3,SF,Rashun Williams,JR,79,220,,,Radford,rashun-williams
1703,2,PG,Shaun Williams,RS SO,75,175,Yes,,Cal State Bakersfield,shaun-williams
1707,2,SG,Kevin Williamson,JR,77,200,,,Coastal Carolina,kevin-williamson
1709,2,PG,Diego Willis,JR,76,175,Yes,,Stephen F. Austin,diego-willis
1710,2,C,Yarden Willis,JR,84,250,Yes,,Binghamton,yarden-willis
1723,2,SG,Alec Woodard,SO,74,200,Yes,,Austin Peay,alec-woodard
1727,2,SG,Caleb Wright,FR,75,206,,,High Point,caleb-wright
1732,2,SG,Ty Wyman,FR,77,205,,,Oakland,ty-wyman
1733,2,SF,Michael Wynn,JR,78,210,,,Akron,michael-wynn
1742,3,C,"Jahmar Young, Jr.",RS SO,81,215,,,SMU,jahmar-youngjr
1743,2,SG,Brandon Younger,JR,79,190,,,Presbyterian,brandon-younger
1744,2,C,Baylor Younker,RS SO,82,220,Yes,,Bellarmine,baylor-younker
1745,2,PG,Anthony Yu,FR,74,175,,,Loyola Marymount,anthony-yu
1746,2,PG,Max Zakheim,FR,71,157,,,Bryant,max-zakheim
1747,2,PG,Ryan Zambie,FR,75,195,,,Lafayette,ryan-zambie
1751,2,PG,Levelle Zeigler,JR,73,175,,,Chicago State,levelle-zeigler
1753,2,SG,Bogdan Zimonjić,FR,77,190,,,Florida Atlantic,bogdan-zimonjic
1756,2,SG,Vito Čubrilo,SO,76,195,Yes,,Northeastern,vito-cubrilo
1757,2,PF,Rastislav Šipkovský,FR,77,210,,,Central Michigan,rastislav-sipkovsky
